Ravi,56,34000
Ravi,23,34000
ramesh,56,45000
ramesh,23,23000
anil,34,45000
ramesh,34,23000
Dhanush,23,45000
Dhanush,34,23000
ramesh,56,34000
jayaram,23,23000
Dhanush,23,23000
jayaram,56,60000
jayaram,60,34000
jayaram,23,34000
anil,45,23000
Ravi,23,34000
Dhanush,60,34000
ramesh,60,34000
Ravi,56,60000
Ravi,56,34000
Dhanush,34,34000
anil,34,23000
ramesh,34,45000
anil,45,34000
jayaram,60,34000
jayaram,60,60000
anil,45,23000
Dhanush,45,45000
anil,23,45000
jayaram,56,45000
Ravi,60,45000
ramesh,60,60000
anil,45,23000
jayaram,34,60000
jayaram,56,34000
Dhanush,23,23000
anil,45,45000
Dhanush,23,34000
Ravi,23,23000
ramesh,60,34000
jayaram,56,45000
Ravi,34,34000
anil,45,45000
Ravi,56,60000
jayaram,34,23000
ramesh,56,60000
Ravi,34,34000
Dhanush,34,23000
anil,56,45000
anil,23,23000
jayaram,60,23000
jayaram,23,60000
jayaram,56,23000
anil,56,23000
Ravi,45,34000
Dhanush,60,23000
jayaram,60,60000
ramesh,56,34000
anil,56,60000
Dhanush,60,60000
jayaram,56,34000
Ravi,34,34000
ramesh,34,45000
ramesh,23,23000
ramesh,45,45000
Dhanush,56,34000
Dhanush,45,23000
jayaram,56,60000
ramesh,23,60000
anil,23,34000
Ravi,34,60000
jayaram,45,60000
Ravi,60,45000
Dhanush,60,34000
jayaram,56,60000
Ravi,60,45000
Ravi,56,23000
jayaram,45,34000
anil,34,45000
jayaram,23,23000
anil,45,45000
anil,34,34000
jayaram,23,45000
Dhanush,56,60000
ramesh,23,45000
ramesh,56,45000
anil,34,34000
ramesh,56,45000
Dhanush,60,45000
ramesh,56,34000
Ravi,45,34000
Ravi,23,45000
anil,45,23000
anil,56,60000
ramesh,23,23000
jayaram,23,34000
jayaram,45,45000
Ravi,60,60000
Dhanush,60,60000
Ravi,60,60000
